{"loss":{"0":0.5451031923,"1":0.438373208,"2":0.3916087449,"3":0.3550412655,"4":0.3318627179,"5":0.3280908167,"6":0.335270226,"7":0.2914538682,"8":0.3069151938,"9":0.291333288,"10":0.2680499554,"11":0.2492715716,"12":0.2578721941,"13":0.2562184036,"14":0.2455676049,"15":0.2479399741,"16":0.2486701608,"17":0.2267400324,"18":0.2439548671,"19":0.2301367372,"20":0.2271556854,"21":0.2036594152,"22":0.2071721405,"23":0.1992524117,"24":0.220600307,"25":0.2225040048,"26":0.2101280987,"27":0.1990149468,"28":0.2163717449,"29":0.2041237652,"30":0.1963834018,"31":0.186037764,"32":0.203520909,"33":0.1966332644,"34":0.1947473139,"35":0.1927609593,"36":0.2059355974,"37":0.2022931427,"38":0.1744383276,"39":0.1835142672},"accuracy":{"0":0.71875,"1":0.8050000072,"2":0.8331249952,"3":0.8493750095,"4":0.8656250238,"5":0.859375,"6":0.8631250262,"7":0.890625,"8":0.8712499738,"9":0.8856250048,"10":0.8912500143,"11":0.8974999785,"12":0.9037500024,"13":0.890625,"14":0.8993750215,"15":0.8974999785,"16":0.8931249976,"17":0.9043750167,"18":0.8999999762,"19":0.9068750143,"20":0.9075000286,"21":0.9156249762,"22":0.9187499881,"23":0.9231250286,"24":0.9087499976,"25":0.9100000262,"26":0.9131249785,"27":0.9212499857,"28":0.9049999714,"29":0.9175000191,"30":0.9212499857,"31":0.9268749952,"32":0.9168750048,"33":0.9231250286,"34":0.9175000191,"35":0.9243749976,"36":0.9168750048,"37":0.9150000215,"38":0.9318749905,"39":0.9237499833},"val_loss":{"0":0.4363186955,"1":0.4087480903,"2":0.362652272,"3":0.315161705,"4":0.302290678,"5":0.2997049093,"6":0.2636492848,"7":0.2515191436,"8":0.3114094734,"9":0.260455668,"10":0.2252277136,"11":0.2246666849,"12":0.2141298652,"13":0.246122539,"14":0.2258223295,"15":0.2366620302,"16":0.2541066706,"17":0.2308717668,"18":0.2040070146,"19":0.2160462737,"20":0.1802002341,"21":0.1917821169,"22":0.1823246628,"23":0.1885809004,"24":0.2003913671,"25":0.1694368571,"26":0.1765626669,"27":0.1771645546,"28":0.1679840237,"29":0.1671287715,"30":0.1879832149,"31":0.1750515401,"32":0.1687162817,"33":0.1631200612,"34":0.16367805,"35":0.1650563031,"36":0.229630515,"37":0.1607910693,"38":0.2136637866,"39":0.1569702178},"val_accuracy":{"0":0.8025000095,"1":0.8199999928,"2":0.8349999785,"3":0.875,"4":0.8625000119,"5":0.8849999905,"6":0.8949999809,"7":0.9049999714,"8":0.8650000095,"9":0.8924999833,"10":0.9049999714,"11":0.9150000215,"12":0.9075000286,"13":0.8899999857,"14":0.9075000286,"15":0.9200000167,"16":0.8799999952,"17":0.8949999809,"18":0.9225000143,"19":0.9049999714,"20":0.9250000119,"21":0.9225000143,"22":0.9275000095,"23":0.9275000095,"24":0.9175000191,"25":0.9325000048,"26":0.9375,"27":0.9250000119,"28":0.9350000024,"29":0.9375,"30":0.9225000143,"31":0.9300000072,"32":0.9350000024,"33":0.9424999952,"34":0.9375,"35":0.9474999905,"36":0.8974999785,"37":0.9474999905,"38":0.9049999714,"39":0.9449999928}}