{"loss":{"0":0.4402213693,"1":0.3014015257,"2":0.2685565054,"3":0.2469341308,"4":0.23133789,"5":0.2168494165,"6":0.2073661685,"7":0.1961088181,"8":0.1778252572,"9":0.1846912056,"10":0.18451491,"11":0.1718342751,"12":0.17148754,"13":0.1566930115,"14":0.1576834768,"15":0.1551991254,"16":0.1465541869,"17":0.1387351751,"18":0.1446584314,"19":0.145974651,"20":0.1342387199,"21":0.1319891959,"22":0.124610059,"23":0.118791692,"24":0.1273999661,"25":0.1267270148,"26":0.1105859503,"27":0.1093121246,"28":0.1079163104,"29":0.1120153069,"30":0.0983075127,"31":0.0962090492,"32":0.1016021743,"33":0.1020490378,"34":0.1088143289,"35":0.1058499068,"36":0.0996156186,"37":0.0907129347,"38":0.0990381911,"39":0.0970606059},"accuracy":{"0":0.8193749785,"1":0.8737499714,"2":0.890625,"3":0.8962500095,"4":0.9150000215,"5":0.9162499905,"6":0.9200000167,"7":0.9256250262,"8":0.9300000072,"9":0.9312499762,"10":0.9231250286,"11":0.9300000072,"12":0.9368749857,"13":0.9456250072,"14":0.9343749881,"15":0.9418749809,"16":0.9456250072,"17":0.9474999905,"18":0.9412500262,"19":0.9437500238,"20":0.9518749714,"21":0.9431250095,"22":0.9549999833,"23":0.9568750262,"24":0.9481250048,"25":0.9518749714,"26":0.9593750238,"27":0.9606249928,"28":0.9549999833,"29":0.9637500048,"30":0.9662500024,"31":0.9693750143,"32":0.9662500024,"33":0.9649999738,"34":0.9549999833,"35":0.9593750238,"36":0.9568750262,"37":0.9737499952,"38":0.9599999785,"39":0.9674999714},"val_loss":{"0":0.2954206169,"1":0.238339439,"2":0.2103003561,"3":0.1945466399,"4":0.1896766275,"5":0.1746314615,"6":0.166176945,"7":0.1584343314,"8":0.1520228237,"9":0.1460692286,"10":0.1721613109,"11":0.152930215,"12":0.1420037746,"13":0.1388808489,"14":0.1364691854,"15":0.1341122091,"16":0.130662322,"17":0.129191041,"18":0.1296616495,"19":0.1274080575,"20":0.1257681847,"21":0.1227396429,"22":0.1232053563,"23":0.1230816096,"24":0.1236166358,"25":0.1343735307,"26":0.1318581849,"27":0.1271410286,"28":0.1368388236,"29":0.1241388321,"30":0.1210569963,"31":0.1237853989,"32":0.1232027337,"33":0.1314333081,"34":0.1386198401,"35":0.1408953369,"36":0.1436892599,"37":0.1324693263,"38":0.1207430437,"39":0.1232531369},"val_accuracy":{"0":0.8799999952,"1":0.9100000262,"2":0.9275000095,"3":0.9375,"4":0.9250000119,"5":0.9399999976,"6":0.9424999952,"7":0.9399999976,"8":0.9449999928,"9":0.9399999976,"10":0.9325000048,"11":0.9424999952,"12":0.9424999952,"13":0.9449999928,"14":0.9424999952,"15":0.9449999928,"16":0.9449999928,"17":0.9524999857,"18":0.9499999881,"19":0.9474999905,"20":0.9524999857,"21":0.9474999905,"22":0.9549999833,"23":0.9524999857,"24":0.9524999857,"25":0.9474999905,"26":0.9474999905,"27":0.9474999905,"28":0.9424999952,"29":0.9499999881,"30":0.9549999833,"31":0.9474999905,"32":0.9449999928,"33":0.9474999905,"34":0.9474999905,"35":0.9449999928,"36":0.9399999976,"37":0.9474999905,"38":0.9474999905,"39":0.9474999905}}