{"loss":{"0":9.5766448975,"1":1.7474763393,"2":1.1882690191,"3":0.661202848,"4":0.5146919489,"5":0.1845458001,"6":0.1012216955,"7":0.0842851549,"8":0.131972149,"9":0.082411252,"10":0.1004824638,"11":0.0730507448,"12":0.072359927,"13":0.096894376,"14":0.0585834011,"15":0.0615346245,"16":0.0620738938,"17":0.0441543683,"18":0.0730900764,"19":0.0559410416,"20":0.0804514959,"21":0.0653220564,"22":0.059723787,"23":0.0566387735,"24":0.0556491502,"25":0.0480980501,"26":0.0466064401,"27":0.040200606,"28":0.0397278294,"29":0.0472969301,"30":0.0391801,"31":0.0374312028,"32":0.0437237844,"33":0.0278676096,"34":0.0243826918,"35":0.0381985083,"36":0.0326026715,"37":0.0414944515,"38":0.0397247709,"39":0.0595673956},"accuracy":{"0":0.8443750143,"1":0.9243749976,"2":0.921875,"3":0.9381250143,"4":0.9418749809,"5":0.9593750238,"6":0.9693750143,"7":0.9731249809,"8":0.9643750191,"9":0.9649999738,"10":0.96875,"11":0.9818750024,"12":0.9756249785,"13":0.9681249857,"14":0.9793750048,"15":0.9856250286,"16":0.9812499881,"17":0.9868749976,"18":0.9750000238,"19":0.9750000238,"20":0.9756249785,"21":0.9793750048,"22":0.9818750024,"23":0.9818750024,"24":0.9837499857,"25":0.9856250286,"26":0.9856250286,"27":0.9862499833,"28":0.9881250262,"29":0.9875000119,"30":0.9856250286,"31":0.9887499809,"32":0.9837499857,"33":0.9931250215,"34":0.9918749928,"35":0.9862499833,"36":0.9868749976,"37":0.9856250286,"38":0.9856250286,"39":0.9781249762},"val_loss":{"0":3.3166053295,"1":1.9809187651,"2":1.0505100489,"3":0.3463189006,"4":0.2763305604,"5":0.1788762212,"6":0.2061033696,"7":0.2344448268,"8":0.1363592297,"9":0.1374162585,"10":0.1027945727,"11":0.1454451531,"12":0.1238686368,"13":0.1464542001,"14":0.1890322268,"15":0.2831442356,"16":0.3232362866,"17":0.1972645223,"18":0.1565658152,"19":0.1506344229,"20":0.1364142746,"21":0.1753219068,"22":0.1607120484,"23":0.2191329598,"24":0.1905845255,"25":0.1506739408,"26":0.1695784777,"27":0.2494204938,"28":0.1917679757,"29":0.3290789127,"30":0.1525176018,"31":0.3368315995,"32":0.1895954907,"33":0.1514582932,"34":0.1489710957,"35":0.2255411595,"36":0.191588968,"37":0.1380499899,"38":0.3357480764,"39":0.1506002843},"val_accuracy":{"0":0.8924999833,"1":0.8949999809,"2":0.9225000143,"3":0.9674999714,"4":0.9424999952,"5":0.9375,"6":0.9300000072,"7":0.9275000095,"8":0.9599999785,"9":0.9624999762,"10":0.9624999762,"11":0.9549999833,"12":0.9674999714,"13":0.9474999905,"14":0.9474999905,"15":0.9225000143,"16":0.9125000238,"17":0.9574999809,"18":0.9599999785,"19":0.9599999785,"20":0.9624999762,"21":0.9574999809,"22":0.9549999833,"23":0.9350000024,"24":0.9474999905,"25":0.9549999833,"26":0.9599999785,"27":0.9275000095,"28":0.9499999881,"29":0.8999999762,"30":0.9725000262,"31":0.9200000167,"32":0.9549999833,"33":0.9624999762,"34":0.9700000286,"35":0.9449999928,"36":0.9549999833,"37":0.9674999714,"38":0.9474999905,"39":0.9649999738}}